date,region,cases,caserate,death,deathrate,population
2020-03-19,E,0,0,0,0,0
2020-03-19,MLA,6,1.4,0,0.0,443472
2020-03-19,S,1,0.8,0,0.0,118531
2020-03-19,SB,1,0.8,0,0.0,128024
2020-03-19,SFV,6,0.8,0,0.0,710303
2020-03-19,SGV,2,1.3,0,0.0,150000
2020-03-19,W,5,2.2,0,0.0,229835
2020-03-20,E,3,0,0,0,0
2020-03-20,MLA,48,10.8,0,0.0,443472
2020-03-20,S,5,4.2,0,0.0,118531
2020-03-20,SB,9,7.0,0,0.0,128024
2020-03-20,SFV,50,7.0,0,0.0,710303
2020-03-20,SGV,4,2.7,0,0.0,150000
2020-03-20,W,40,17.4,0,0.0,229835
2020-03-21,AV,3,0,0,0,0
2020-03-21,E,9,0,0,0,0
2020-03-21,MLA,52,286.0,0,0.0,18182
2020-03-21,S,6,0,0,0,0
2020-03-21,SB,24,48.0,0,0.0,50000
2020-03-21,SFV,65,0,0,0,0
2020-03-21,SGV,18,12.0,0,0.0,150000
2020-03-21,W,62,186.0,0,0.0,33333
2020-03-22,AV,3,0,0,0,0
2020-03-22,E,9,0,0,0,0
2020-03-22,MLA,52,286.0,0,0.0,18182
2020-03-22,S,6,0,0,0,0
2020-03-22,SB,24,48.0,0,0.0,50000
2020-03-22,SFV,65,0,0,0,0
2020-03-22,SGV,18,12.0,0,0.0,150000
2020-03-22,W,62,186.0,0,0.0,33333
2020-03-24,AV,4,0,0,0,0
2020-03-24,E,15,0,0,0,0
2020-03-24,MLA,68,374.0,0,0.0,18182
2020-03-24,S,13,0,0,0,0
2020-03-24,SB,27,54.0,0,0.0,50000
2020-03-24,SFV,72,0,0,0,0
2020-03-24,SGV,23,15.3,0,0.0,150000
2020-03-24,W,77,231.0,0,0.0,33333
2020-03-25,AV,10,0,0,0,0
2020-03-25,E,24,0,0,0,0
2020-03-25,MLA,142,781.0,0,0.0,18182
2020-03-25,S,24,0,0,0,0
2020-03-25,SB,64,128.0,0,0.0,50000
2020-03-25,SFV,131,0,0,0,0
2020-03-25,SGV,38,25.3,0,0.0,150000
2020-03-25,W,135,405.0,0,0.0,33333
2020-03-26,AV,15,0,0,0,0
2020-03-26,E,39,0,0,0,0
2020-03-26,MLA,173,951.5,0,0.0,18182
2020-03-26,S,39,0,0,0,0
2020-03-26,SB,82,164.0,0,0.0,50000
2020-03-26,SFV,156,0,0,0,0
2020-03-26,SGV,45,30.0,0,0.0,150000
2020-03-26,W,153,459.0,0,0.0,33333
2020-03-27,AV,15,0,0,0,0
2020-03-27,E,49,0,0,0,0
2020-03-27,MLA,202,1111.0,0,0.0,18182
2020-03-27,S,47,0,0,0,0
2020-03-27,SB,120,240.0,0,0.0,50000
2020-03-27,SFV,172,0,0,0,0
2020-03-27,SGV,52,34.7,0,0.0,150000
2020-03-27,W,164,492.0,0,0.0,33333
2020-03-28,AV,40,10.0,0,0.0,401318
2020-03-28,E,144,11.2,0,0.0,1290250
2020-03-28,MLA,477,38.1,0,0.0,1252127
2020-03-28,S,133,13.0,0,0.0,1025664
2020-03-28,SB,279,26.7,0,0.0,1046525
2020-03-28,SFV,487,21.9,0,0.0,2220608
2020-03-28,SGV,138,7.5,0,0.0,1845632
2020-03-28,W,451,58.8,0,0.0,766510
2020-03-29,AV,22,5.5,0,0.0,401358
2020-03-29,E,87,6.7,0,0.0,1290250
2020-03-29,MLA,1073,87.0,0,0.0,1233945
2020-03-29,S,66,6.4,0,0.0,1025664
2020-03-29,SB,154,15.5,0,0.0,996525
2020-03-29,SFV,273,12.3,0,0.0,2220608
2020-03-29,SGV,77,4.5,0,0.0,1695632
2020-03-29,W,267,36.4,0,0.0,733177
2020-03-30,AV,25,6.2,0,0.0,401358
2020-03-30,E,109,8.4,0,0.0,1290250
2020-03-30,MLA,1303,105.6,0,0.0,1233945
2020-03-30,S,87,8.5,0,0.0,1025664
2020-03-30,SB,186,18.7,0,0.0,996525
2020-03-30,SFV,351,15.8,0,0.0,2220608
2020-03-30,SGV,90,5.3,0,0.0,1695632
2020-03-30,W,305,41.6,0,0.0,733177
2020-03-31,AV,30,7.5,0,0.0,401358
2020-03-31,E,132,10.2,0,0.0,1290250
2020-03-31,MLA,1355,109.8,0,0.0,1233945
2020-03-31,S,99,9.7,0,0.0,1025664
2020-03-31,SB,221,22.2,0,0.0,996525
2020-03-31,SFV,420,18.9,0,0.0,2220608
2020-03-31,SGV,107,6.3,0,0.0,1695632
2020-03-31,W,360,49.1,0,0.0,733177
2020-04-01,AV,41,10.2,0,0.0,401358
2020-04-01,E,170,13.2,0,0.0,1290250
2020-04-01,MLA,1600,129.7,0,0.0,1233945
2020-04-01,S,135,13.2,0,0.0,1025664
2020-04-01,SB,263,26.4,0,0.0,996525
2020-04-01,SFV,484,21.8,0,0.0,2220608
2020-04-01,SGV,121,6.9,0,0.0,1745672
2020-04-01,W,399,54.4,0,0.0,733177
2020-04-02,AV,45,11.2,0,0.0,401358
2020-04-02,E,211,16.4,0,0.0,1290250
2020-04-02,MLA,475,38.5,0,0.0,1233945
2020-04-02,S,174,17.0,0,0.0,1025664
2020-04-02,SB,325,32.6,0,0.0,996525
2020-04-02,SFV,582,26.2,0,0.0,2220608
2020-04-02,SGV,144,8.2,0,0.0,1745672
2020-04-02,W,441,60.1,0,0.0,733177
2020-04-03,AV,50,12.5,0,0.0,401358
2020-04-03,E,252,19.5,0,0.0,1290250
2020-04-03,MLA,561,45.5,0,0.0,1233945
2020-04-03,S,257,25.1,0,0.0,1025664
2020-04-03,SB,371,37.2,0,0.0,996525
2020-04-03,SFV,670,30.2,0,0.0,2220608
2020-04-03,SGV,192,11.0,0,0.0,1745672
2020-04-03,W,492,67.1,0,0.0,733177
2020-04-05,AV,74,18.4,0,0.0,401318
2020-04-05,E,419,32.5,0,0.0,1290250
2020-04-05,MLA,846,68.6,0,0.0,1233945
2020-04-05,S,414,40.4,0,0.0,1025664
2020-04-05,SB,558,56.0,0,0.0,996525
2020-04-05,SFV,1079,48.6,0,0.0,2220608
2020-04-05,SGV,300,17.2,0,0.0,1745672
2020-04-05,W,650,88.7,0,0.0,733177
2020-04-06,AV,88,21.9,0,0.0,401318
2020-04-06,E,506,39.2,0,0.0,1290250
2020-04-06,MLA,958,77.6,0,0.0,1233945
2020-04-06,S,500,48.7,0,0.0,1025664
2020-04-06,SB,609,61.1,0,0.0,996525
2020-04-06,SFV,1223,55.1,0,0.0,2220608
2020-04-06,SGV,365,20.9,0,0.0,1745672
2020-04-06,W,680,92.7,0,0.0,733177
2020-04-07,AV,88,21.9,0,0.0,401318
2020-04-07,E,505,39.1,0,0.0,1290250
2020-04-07,MLA,961,77.9,0,0.0,1233945
2020-04-07,S,500,48.7,0,0.0,1025664
2020-04-07,SB,611,61.3,0,0.0,996525
2020-04-07,SFV,1223,55.1,0,0.0,2220608
2020-04-07,SGV,371,21.3,0,0.0,1745672
2020-04-07,W,682,93.0,0,0.0,733177
2020-04-08,AV,107,26.7,0,0.0,401318
2020-04-08,E,548,42.5,0,0.0,1290250
2020-04-08,MLA,1025,83.1,0,0.0,1233945
2020-04-08,S,546,53.2,0,0.0,1025664
2020-04-08,SB,673,67.5,0,0.0,996525
2020-04-08,SFV,1319,59.4,0,0.0,2220608
2020-04-08,SGV,423,24.2,0,0.0,1745672
2020-04-08,W,712,97.1,0,0.0,733177
2020-04-09,AV,117,29.2,0,0.0,401318
2020-04-09,E,627,48.6,0,0.0,1290250
2020-04-09,MLA,1114,90.3,0,0.0,1233945
2020-04-09,S,611,59.6,0,0.0,1025664
2020-04-09,SB,725,72.8,0,0.0,996525
2020-04-09,SFV,1465,66.0,0,0.0,2220608
2020-04-09,SGV,462,26.5,0,0.0,1745672
2020-04-09,W,757,103.2,0,0.0,733177
2020-04-10,AV,138,34.4,0,0.0,401318
2020-04-10,E,684,53.0,0,0.0,1290250
2020-04-10,MLA,1204,97.6,0,0.0,1233945
2020-04-10,S,673,65.6,0,0.0,1025664
2020-04-10,SB,769,77.2,0,0.0,996525
2020-04-10,SFV,1575,70.9,0,0.0,2220608
2020-04-10,SGV,490,28.1,0,0.0,1745457
2020-04-10,W,794,108.3,0,0.0,733177
2020-04-11,AV,172,42.9,0,0.0,401318
2020-04-11,E,817,63.3,0,0.0,1290250
2020-04-11,MLA,1377,111.6,0,0.0,1233945
2020-04-11,S,798,77.8,0,0.0,1025664
2020-04-11,SB,858,86.1,0,0.0,996525
2020-04-11,SFV,1799,81.0,0,0.0,2220608
2020-04-11,SGV,588,33.7,0,0.0,1745457
2020-04-11,W,844,115.1,0,0.0,733177
2020-04-12,AV,182,45.4,0,0.0,401318
2020-04-12,E,889,68.9,0,0.0,1290250
2020-04-12,MLA,1446,117.2,0,0.0,1233945
2020-04-12,S,849,82.8,0,0.0,1025664
2020-04-12,SB,908,91.1,0,0.0,996525
2020-04-12,SFV,1896,85.4,0,0.0,2220608
2020-04-12,SGV,644,36.9,0,0.0,1745457
2020-04-12,W,875,119.3,0,0.0,733177
2020-04-13,AV,182,45.4,0,0.0,401318
2020-04-13,E,889,68.9,0,0.0,1290250
2020-04-13,MLA,1445,117.1,0,0.0,1233945
2020-04-13,S,849,82.8,0,0.0,1025664
2020-04-13,SB,908,91.1,0,0.0,996525
2020-04-13,SFV,1903,85.7,0,0.0,2220608
2020-04-13,SGV,644,36.9,0,0.0,1745457
2020-04-13,W,875,119.3,0,0.0,733177
2020-04-14,AV,194,48.3,0,0.0,401318
2020-04-14,E,919,71.2,0,0.0,1290250
2020-04-14,MLA,1480,119.9,0,0.0,1233945
2020-04-14,S,866,84.4,0,0.0,1025664
2020-04-14,SB,930,93.3,0,0.0,996525
2020-04-14,SFV,1975,88.9,0,0.0,2220608
2020-04-14,SGV,674,38.6,0,0.0,1745457
2020-04-14,W,882,120.3,0,0.0,733177
2020-04-15,AV,211,52.6,0,0.0,401318
2020-04-15,E,1018,78.9,0,0.0,1290250
2020-04-15,MLA,1632,132.3,0,0.0,1233945
2020-04-15,S,976,95.2,0,0.0,1025664
2020-04-15,SB,993,99.6,0,0.0,996525
2020-04-15,SFV,2164,97.5,0,0.0,2220608
2020-04-15,SGV,757,43.4,0,0.0,1745457
2020-04-15,W,913,124.5,0,0.0,733177
2020-04-16,AV,229,57.1,0,0.0,401318
2020-04-16,E,1076,83.4,0,0.0,1290250
2020-04-16,MLA,1705,138.2,0,0.0,1233945
2020-04-16,S,1028,100.2,0,0.0,1025664
2020-04-16,SB,1035,103.9,0,0.0,996525
2020-04-16,SFV,2278,102.6,0,0.0,2220608
2020-04-16,SGV,792,45.4,0,0.0,1745457
2020-04-16,W,931,127.0,0,0.0,733177
2020-04-17,AV,228,56.8,0,0.0,401318
2020-04-17,E,1076,83.4,0,0.0,1290250
2020-04-17,MLA,1705,138.2,0,0.0,1233945
2020-04-17,S,1027,100.1,0,0.0,1025664
2020-04-17,SB,1035,103.9,0,0.0,996525
2020-04-17,SFV,2285,102.9,0,0.0,2220608
2020-04-17,SGV,790,45.3,0,0.0,1745457
2020-04-17,W,931,127.0,0,0.0,733177
2020-04-18,AV,244,60.8,0,0.0,401318
2020-04-18,E,1150,89.1,0,0.0,1290250
2020-04-18,MLA,1770,143.4,0,0.0,1233945
2020-04-18,S,1074,104.7,0,0.0,1025664
2020-04-18,SB,1057,106.1,0,0.0,996525
2020-04-18,SFV,2360,106.3,0,0.0,2220608
2020-04-18,SGV,822,47.1,0,0.0,1745457
2020-04-18,W,947,129.2,0,0.0,733177
2020-04-19,AV,260,64.8,0,0.0,401318
2020-04-19,E,1222,94.7,0,0.0,1290250
2020-04-19,MLA,1849,149.8,0,0.0,1233945
2020-04-19,S,1143,111.4,0,0.0,1025664
2020-04-19,SB,1109,111.3,0,0.0,996525
2020-04-19,SFV,2496,112.4,0,0.0,2220608
2020-04-19,SGV,885,50.7,0,0.0,1745457
2020-04-19,W,968,132.0,0,0.0,733177
2020-04-20,AV,289,72.0,0,0.0,401318
2020-04-20,E,1289,99.9,0,0.0,1290250
2020-04-20,MLA,1956,158.5,0,0.0,1233945
2020-04-20,S,1225,119.4,0,0.0,1025664
2020-04-20,SB,1163,116.7,0,0.0,996525
2020-04-20,SFV,2637,118.8,0,0.0,2220608
2020-04-20,SGV,933,53.5,0,0.0,1745457
2020-04-20,W,992,135.3,0,0.0,733177
2020-04-21,AV,297,74.0,0,0.0,401318
2020-04-21,E,1325,102.7,0,0.0,1290250
2020-04-21,MLA,2031,164.6,0,0.0,1233945
2020-04-21,S,1299,126.6,0,0.0,1025664
2020-04-21,SB,1191,119.5,0,0.0,996525
2020-04-21,SFV,2734,123.1,0,0.0,2220608
2020-04-21,SGV,964,55.2,0,0.0,1745457
2020-04-21,W,1009,137.6,0,0.0,733177
2020-04-22,AV,358,89.2,0,0.0,401358
2020-04-22,E,1524,118.1,0,0.0,1290250
2020-04-22,MLA,2274,184.3,0,0.0,1233945
2020-04-22,S,1470,143.3,0,0.0,1025664
2020-04-22,SB,1283,128.7,0,0.0,996525
2020-04-22,SFV,2991,134.7,0,0.0,2220608
2020-04-22,SGV,1051,60.2,0,0.0,1745457
2020-04-22,W,1088,148.4,0,0.0,733177
2020-04-23,AV,469,116.9,0,0.0,401358
2020-04-23,E,1680,130.2,0,0.0,1290250
2020-04-23,MLA,2497,202.4,0,0.0,1233945
2020-04-23,S,1675,163.3,0,0.0,1025664
2020-04-23,SB,1442,144.7,0,0.0,996525
2020-04-23,SFV,3375,152.0,0,0.0,2220608
2020-04-23,SGV,1211,69.4,0,0.0,1745457
2020-04-23,W,1156,157.7,0,0.0,733177
2020-04-24,AV,586,146.0,0,0.0,401358
2020-04-24,E,1954,151.4,0,0.0,1290250
2020-04-24,MLA,2819,228.5,0,0.0,1233945
2020-04-24,S,1973,192.4,0,0.0,1025664
2020-04-24,SB,1579,158.5,0,0.0,996525
2020-04-24,SFV,3978,179.1,0,0.0,2220608
2020-04-24,SGV,1451,83.1,0,0.0,1745457
2020-04-24,W,1228,167.5,0,0.0,733177
2020-04-25,AV,586,146.0,0,0.0,401358
2020-04-25,E,1964,152.2,0,0.0,1290250
2020-04-25,MLA,2824,228.9,0,0.0,1233945
2020-04-25,S,1987,193.7,0,0.0,1025664
2020-04-25,SB,1579,158.5,0,0.0,996525
2020-04-25,SFV,3978,179.1,0,0.0,2220608
2020-04-25,SGV,1451,83.1,0,0.0,1745457
2020-04-25,W,1228,167.5,0,0.0,733177
2020-04-26,AV,621,154.7,0,0.0,401358
2020-04-26,E,2048,158.7,0,0.0,1290250
2020-04-26,MLA,2948,238.9,0,0.0,1233945
2020-04-26,S,2136,208.3,0,0.0,1025664
2020-04-26,SB,1625,163.1,0,0.0,996525
2020-04-26,SFV,4233,190.6,0,0.0,2220608
2020-04-26,SGV,1546,88.6,0,0.0,1745457
2020-04-26,W,1251,170.6,0,0.0,733177
2020-04-27,AV,677,168.7,0,0.0,401358
2020-04-27,E,2122,164.5,0,0.0,1290250
2020-04-27,MLA,3031,245.6,0,0.0,1233945
2020-04-27,S,2208,215.3,0,0.0,1025664
2020-04-27,SB,1689,169.5,0,0.0,996525
2020-04-27,SFV,4361,196.4,0,0.0,2220608
2020-04-27,SGV,1610,92.2,0,0.0,1745457
2020-04-27,W,1290,175.9,0,0.0,733177
2020-04-28,AV,768,191.4,0,0.0,401358
2020-04-28,E,2240,173.6,0,0.0,1290250
2020-04-28,MLA,3224,261.3,0,0.0,1233945
2020-04-28,S,2384,232.4,0,0.0,1025664
2020-04-28,SB,1788,179.4,0,0.0,996525
2020-04-28,SFV,4739,213.4,0,0.0,2220608
2020-04-28,SGV,1717,98.4,0,0.0,1745457
2020-04-28,W,1319,179.9,0,0.0,733177
2020-04-29,AV,768,191.4,0,0.0,401358
2020-04-29,E,2240,173.6,0,0.0,1290250
2020-04-29,MLA,3227,261.5,0,0.0,1233945
2020-04-29,S,2387,232.7,0,0.0,1025664
2020-04-29,SB,1788,179.4,0,0.0,996525
2020-04-29,SFV,4735,213.2,0,0.0,2220608
2020-04-29,SGV,1717,98.4,0,0.0,1745457
2020-04-29,W,1328,181.1,0,0.0,733177
2020-04-30,AV,813,202.6,0,0.0,401358
2020-04-30,E,2428,188.2,0,0.0,1290250
2020-04-30,MLA,3480,282.0,0,0.0,1233945
2020-04-30,S,2624,255.8,0,0.0,1025664
2020-04-30,SB,2011,201.8,0,0.0,996525
2020-04-30,SFV,5233,235.7,0,0.0,2220608
2020-04-30,SGV,1893,108.5,0,0.0,1745457
2020-04-30,W,1367,186.4,0,0.0,733177
2020-05-01,AV,813,202.6,0,0.0,401358
2020-05-01,E,2434,188.6,0,0.0,1290250
2020-05-01,MLA,3502,283.8,0,0.0,1233945
2020-05-01,S,2625,255.9,0,0.0,1025664
2020-05-01,SB,2013,202.0,0,0.0,996525
2020-05-01,SFV,5233,235.7,0,0.0,2220608
2020-05-01,SGV,1894,108.5,0,0.0,1745457
2020-05-01,W,1366,186.3,0,0.0,733177
2020-05-02,AV,837,208.5,0,0.0,401358
2020-05-02,E,2530,196.1,0,0.0,1290250
2020-05-02,MLA,3601,291.8,0,0.0,1233945
2020-05-02,S,2705,263.7,0,0.0,1025664
2020-05-02,SB,2214,222.2,0,0.0,996525
2020-05-02,SFV,5408,243.5,0,0.0,2220608
2020-05-02,SGV,1945,111.4,0,0.0,1745457
2020-05-02,W,1387,189.2,0,0.0,733177
2020-05-03,AV,883,220.0,0,0.0,401358
2020-05-03,E,2723,211.0,0,0.0,1290250
2020-05-03,MLA,3914,317.2,0,0.0,1233945
2020-05-03,S,2948,287.4,0,0.0,1025664
2020-05-03,SB,2451,246.0,0,0.0,996525
2020-05-03,SFV,5888,265.2,0,0.0,2220608
2020-05-03,SGV,2076,118.9,0,0.0,1745457
2020-05-03,W,1471,200.6,0,0.0,733177
2020-05-04,AV,939,234.0,0,0.0,401358
2020-05-04,E,2767,214.5,0,0.0,1290250
2020-05-04,MLA,4037,327.2,0,0.0,1233945
2020-05-04,S,3033,295.7,0,0.0,1025664
2020-05-04,SB,2512,252.1,0,0.0,996525
2020-05-04,SFV,6093,274.4,0,0.0,2220608
2020-05-04,SGV,2146,122.9,0,0.0,1745457
2020-05-04,W,1491,203.4,0,0.0,733177
2020-05-05,AV,939,234.0,0,0.0,401358
2020-05-05,E,2767,214.5,0,0.0,1290250
2020-05-05,MLA,4036,327.1,0,0.0,1233945
2020-05-05,S,3033,295.7,0,0.0,1025664
2020-05-05,SB,2512,252.1,0,0.0,996525
2020-05-05,SFV,6092,274.3,0,0.0,2220608
2020-05-05,SGV,2146,122.9,0,0.0,1745457
2020-05-05,W,1491,203.4,0,0.0,733177
2020-05-06,AV,978,243.7,0,0.0,401358
2020-05-06,E,2811,217.9,0,0.0,1290250
2020-05-06,MLA,4146,336.0,0,0.0,1233945
2020-05-06,S,3082,300.5,0,0.0,1025664
2020-05-06,SB,2548,255.7,0,0.0,996525
2020-05-06,SFV,6230,280.6,0,0.0,2220608
2020-05-06,SGV,2194,125.7,0,0.0,1745457
2020-05-06,W,1514,206.5,0,0.0,733177
2020-05-07,AV,1035,257.9,0,0.0,401358
2020-05-07,E,2982,231.1,0,0.0,1290250
2020-05-07,MLA,4368,354.0,0,0.0,1233945
2020-05-07,S,3348,326.4,0,0.0,1025664
2020-05-07,SB,2658,266.7,0,0.0,996525
2020-05-07,SFV,6774,305.1,0,0.0,2220608
2020-05-07,SGV,2326,133.3,0,0.0,1745457
2020-05-07,W,1551,211.5,0,0.0,733177
2020-05-08,AV,1066,265.6,0,0.0,401358
2020-05-08,E,3072,238.1,0,0.0,1290250
2020-05-08,MLA,4522,366.5,0,0.0,1233945
2020-05-08,S,3496,340.9,0,0.0,1025664
2020-05-08,SB,2741,275.1,0,0.0,996525
2020-05-08,SFV,6948,312.9,0,0.0,2220608
2020-05-08,SGV,2411,138.1,0,0.0,1745457
2020-05-08,W,1575,214.8,0,0.0,733177
2020-05-09,AV,1103,274.8,0,0.0,401358
2020-05-09,E,3154,244.4,0,0.0,1290250
2020-05-09,MLA,4651,376.9,0,0.0,1233945
2020-05-09,S,3600,351.0,0,0.0,1025664
2020-05-09,SB,2796,280.6,0,0.0,996525
2020-05-09,SFV,7282,327.9,0,0.0,2220608
2020-05-09,SGV,2520,144.4,0,0.0,1745457
2020-05-09,W,1602,218.5,0,0.0,733177
2020-05-10,AV,1002,249.7,0,0.0,401358
2020-05-10,E,3267,253.2,0,0.0,1290250
2020-05-10,MLA,4798,388.8,0,0.0,1233945
2020-05-10,S,3681,358.9,0,0.0,1025664
2020-05-10,SB,2820,283.0,0,0.0,996525
2020-05-10,SFV,7414,333.9,0,0.0,2220608
2020-05-10,SGV,2593,148.6,0,0.0,1745457
2020-05-10,W,1618,220.7,0,0.0,733177
2020-05-11,AV,1025,255.4,0,0.0,401358
2020-05-11,E,3371,261.3,0,0.0,1290250
2020-05-11,MLA,4932,399.7,0,0.0,1233945
2020-05-11,S,3798,370.3,0,0.0,1025664
2020-05-11,SB,2901,291.1,0,0.0,996525
2020-05-11,SFV,7651,344.5,0,0.0,2220608
2020-05-11,SGV,2721,155.9,0,0.0,1745457
2020-05-11,W,1641,223.8,0,0.0,733177
2020-05-12,AV,1033,257.4,0,0.0,401358
2020-05-12,E,3411,264.4,0,0.0,1290250
2020-05-12,MLA,5013,406.3,0,0.0,1233945
2020-05-12,S,3858,376.1,0,0.0,1025664
2020-05-12,SB,2949,295.9,0,0.0,996525
2020-05-12,SFV,7725,347.9,0,0.0,2220608
2020-05-12,SGV,2782,159.4,0,0.0,1745457
2020-05-12,W,1667,227.4,0,0.0,733177
2020-05-13,AV,1046,260.6,0,0.0,401358
2020-05-13,E,3451,267.5,0,0.0,1290250
2020-05-13,MLA,5099,413.2,0,0.0,1233945
2020-05-13,S,3939,384.0,0,0.0,1025664
2020-05-13,SB,3002,301.2,0,0.0,996525
2020-05-13,SFV,7910,356.2,0,0.0,2220608
2020-05-13,SGV,2859,163.8,0,0.0,1745457
2020-05-13,W,1684,229.7,0,0.0,733177
2020-05-14,AV,1064,265.1,0,0.0,401358
2020-05-14,E,3617,280.3,0,0.0,1290250
2020-05-14,MLA,5314,430.7,0,0.0,1233945
2020-05-14,S,4071,396.9,0,0.0,1025664
2020-05-14,SB,3070,308.1,0,0.0,996525
2020-05-14,SFV,8176,368.2,0,0.0,2220608
2020-05-14,SGV,2995,171.6,0,0.0,1745457
2020-05-14,W,1697,231.5,0,0.0,733177
2020-05-15,AV,1127,280.8,0,0.0,401358
2020-05-15,E,3939,305.3,0,0.0,1290250
2020-05-15,MLA,5647,457.6,0,0.0,1233945
2020-05-15,S,4364,425.5,0,0.0,1025664
2020-05-15,SB,3190,320.1,0,0.0,996525
2020-05-15,SFV,8712,392.3,0,0.0,2220608
2020-05-15,SGV,3240,185.6,0,0.0,1745457
2020-05-15,W,1749,238.6,0,0.0,733177
2020-05-16,AV,1143,284.8,0,0.0,401358
2020-05-16,E,4064,315.0,0,0.0,1290250
2020-05-16,MLA,5753,466.2,0,0.0,1233945
2020-05-16,S,4502,438.9,0,0.0,1025664
2020-05-16,SB,3239,325.0,0,0.0,996525
2020-05-16,SFV,8938,402.5,0,0.0,2220608
2020-05-16,SGV,3315,189.9,0,0.0,1745457
2020-05-16,W,1774,242.0,0,0.0,733177
2020-05-17,AV,1171,291.8,0,0.0,401358
2020-05-17,E,4217,326.8,0,0.0,1290250
2020-05-17,MLA,5962,483.2,0,0.0,1233945
2020-05-17,S,4675,455.8,0,0.0,1025664
2020-05-17,SB,3293,330.4,0,0.0,996525
2020-05-17,SFV,9179,413.4,0,0.0,2220608
2020-05-17,SGV,3423,196.1,0,0.0,1745457
2020-05-17,W,1795,244.8,0,0.0,733177
2020-05-18,AV,1191,296.7,0,0.0,401358
2020-05-18,E,4293,332.7,0,0.0,1290250
2020-05-18,MLA,6046,490.0,0,0.0,1233945
2020-05-18,S,4806,468.6,0,0.0,1025664
2020-05-18,SB,3341,335.3,0,0.0,996525
2020-05-18,SFV,9341,420.7,0,0.0,2220608
2020-05-18,SGV,3472,198.9,0,0.0,1745457
2020-05-18,W,1818,248.0,0,0.0,733177
2020-05-19,AV,1212,302.0,33,8.2,401358
2020-05-19,E,4385,339.9,204,15.8,1290250
2020-05-19,MLA,6102,494.5,407,33.0,1233945
2020-05-19,S,4901,477.8,164,16.0,1025664
2020-05-19,SB,3372,338.4,179,18.0,996525
2020-05-19,SFV,9460,426.0,440,19.8,2220608
2020-05-19,SGV,3509,201.0,177,10.1,1745457
2020-05-19,W,1826,249.1,103,14.0,733177
2020-05-20,AV,1212,302.0,33,8.2,401358
2020-05-20,E,4385,339.9,204,15.8,1290250
2020-05-20,MLA,6117,495.7,408,33.1,1233945
2020-05-20,S,4901,477.8,164,16.0,1025664
2020-05-20,SB,3372,338.4,179,18.0,996525
2020-05-20,SFV,9459,426.0,440,19.8,2220608
2020-05-20,SGV,3510,201.1,177,10.1,1745457
2020-05-20,W,1822,248.5,103,14.0,733177
2020-05-21,AV,1245,310.2,34,8.5,401358
2020-05-21,E,4916,381.0,215,16.7,1290250
2020-05-21,MLA,6515,528.0,436,35.3,1233945
2020-05-21,S,5304,517.1,174,17.0,1025664
2020-05-21,SB,3469,348.1,187,18.8,996525
2020-05-21,SFV,9817,442.1,478,21.5,2220608
2020-05-21,SGV,3823,219.0,189,10.8,1745457
2020-05-21,W,1849,252.2,108,14.7,733177
2020-05-22,AV,1270,316.4,35,8.7,401358
2020-05-22,E,5085,394.1,221,17.1,1290250
2020-05-22,MLA,6686,541.8,443,35.9,1233945
2020-05-22,S,5468,533.1,176,17.2,1025664
2020-05-22,SB,3523,353.5,189,19.0,996525
2020-05-22,SFV,9999,450.3,495,22.3,2220608
2020-05-22,SGV,3947,226.1,192,11.0,1745457
2020-05-22,W,1867,254.6,110,15.0,733177
2020-05-23,AV,1284,319.9,36,9.0,401358
2020-05-23,E,5246,406.6,223,17.3,1290250
2020-05-23,MLA,6830,553.5,445,36.1,1233945
2020-05-23,S,5676,553.4,181,17.6,1025664
2020-05-23,SB,3563,357.5,192,19.3,996525
2020-05-23,SFV,10191,458.9,507,22.8,2220608
2020-05-23,SGV,4086,234.1,193,11.1,1745457
2020-05-23,W,1885,257.1,113,15.4,733177
2020-05-24,AV,1324,329.9,37,9.2,401358
2020-05-24,E,5404,418.8,226,17.5,1290250
2020-05-24,MLA,6998,567.1,453,36.7,1233945
2020-05-24,S,5843,569.7,184,17.9,1025664
2020-05-24,SB,3631,364.4,194,19.5,996525
2020-05-24,SFV,10462,471.1,526,23.7,2220608
2020-05-24,SGV,4229,242.3,194,11.1,1745457
2020-05-24,W,1903,259.6,115,15.7,733177
2020-05-25,AV,1348,335.9,37,9.2,401358
2020-05-25,E,5585,432.9,228,17.7,1290250
2020-05-25,MLA,7121,577.1,452,36.6,1233945
2020-05-25,S,6000,585.0,184,17.9,1025664
2020-05-25,SB,3669,368.2,195,19.6,996525
2020-05-25,SFV,10658,480.0,533,24.0,2220608
2020-05-25,SGV,4329,248.0,197,11.3,1745457
2020-05-25,W,1926,262.7,115,15.7,733177
2020-05-26,AV,1348,335.9,37,9.2,401358
2020-05-26,E,5585,432.9,228,17.7,1290250
2020-05-26,MLA,7121,577.1,452,36.6,1233945
2020-05-26,S,6000,585.0,184,17.9,1025664
2020-05-26,SB,3669,368.2,195,19.6,996525
2020-05-26,SFV,10658,480.0,533,24.0,2220608
2020-05-26,SGV,4329,248.0,197,11.3,1745457
2020-05-26,W,1926,262.7,115,15.7,733177
2020-05-27,AV,1411,351.6,38,9.5,401358
2020-05-27,E,6241,483.7,234,18.1,1290250
2020-05-27,MLA,7621,617.6,458,37.1,1233945
2020-05-27,S,6566,640.2,189,18.4,1025664
2020-05-27,SB,3819,383.2,197,19.8,996525
2020-05-27,SFV,11098,499.8,543,24.5,2220608
2020-05-27,SGV,4673,267.7,201,11.5,1745457
2020-05-27,W,1967,268.3,116,15.8,733177
2020-05-28,AV,1427,355.5,41,10.2,401358
2020-05-28,E,6336,491.1,245,19.0,1290250
2020-05-28,MLA,7788,631.1,468,37.9,1233945
2020-05-28,S,6758,658.9,191,18.6,1025664
2020-05-28,SB,3886,390.0,203,20.4,996525
2020-05-28,SFV,11310,509.3,553,24.9,2220608
2020-05-28,SGV,4778,273.7,208,11.9,1745457
2020-05-28,W,1989,271.3,116,15.8,733177
2020-05-29,AV,1446,360.3,42,10.5,401358
2020-05-29,E,6467,501.2,251,19.5,1290250
2020-05-29,MLA,7930,642.7,476,38.6,1233945
2020-05-29,S,6977,680.2,196,19.1,1025664
2020-05-29,SB,3947,396.1,206,20.7,996525
2020-05-29,SFV,11571,521.1,564,25.4,2220608
2020-05-29,SGV,4896,280.5,211,12.1,1745457
2020-05-29,W,2026,276.3,118,16.1,733177
2020-05-30,AV,1446,360.3,42,10.5,401358
2020-05-30,E,6466,501.1,251,19.5,1290250
2020-05-30,MLA,7930,642.7,476,38.6,1233945
2020-05-30,S,6978,680.3,196,19.1,1025664
2020-05-30,SB,3947,396.1,206,20.7,996525
2020-05-30,SFV,11570,521.0,566,25.5,2220608
2020-05-30,SGV,4905,281.0,211,12.1,1745457
2020-05-30,W,2026,276.3,118,16.1,733177
2020-06-01,AV,1531,381.5,42,10.5,401358
2020-06-01,E,7481,579.8,273,21.2,1290250
2020-06-01,MLA,8512,689.8,494,40.0,1233945
2020-06-01,S,7608,741.8,203,19.8,1025664
2020-06-01,SB,4108,412.2,210,21.1,996525
2020-06-01,SFV,12302,554.0,590,26.6,2220608
2020-06-01,SGV,5318,304.7,226,12.9,1745457
2020-06-01,W,2090,285.1,122,16.6,733177
2020-06-02,AV,1598,398.1,42,10.5,401358
2020-06-02,E,7777,602.8,279,21.6,1290250
2020-06-02,MLA,8798,713.0,504,40.8,1233945
2020-06-02,S,8011,781.1,207,20.2,1025664
2020-06-02,SB,4237,425.2,211,21.2,996525
2020-06-02,SFV,12887,580.3,605,27.2,2220608
2020-06-02,SGV,5564,318.8,228,13.1,1745457
2020-06-02,W,2133,290.9,126,17.2,733177
2020-06-03,AV,1625,404.9,43,10.7,401358
2020-06-03,E,7937,615.2,285,22.1,1290250
2020-06-03,MLA,8951,725.4,514,41.7,1233945
2020-06-03,S,8233,802.7,215,21.0,1025664
2020-06-03,SB,4326,434.1,215,21.6,996525
2020-06-03,SFV,13229,595.7,627,28.2,2220608
2020-06-03,SGV,5696,326.3,233,13.3,1745457
2020-06-03,W,2159,294.5,127,17.3,733177
2020-06-04,AV,1649,410.9,43,10.7,401358
2020-06-04,E,8103,628.0,291,22.6,1290250
2020-06-04,MLA,9065,734.6,520,42.1,1233945
2020-06-04,S,8440,822.9,222,21.6,1025664
2020-06-04,SB,4398,441.3,218,21.9,996525
2020-06-04,SFV,13477,606.9,637,28.7,2220608
2020-06-04,SGV,5862,335.8,241,13.8,1745457
2020-06-04,W,2182,297.6,127,17.3,733177
2020-06-05,AV,1675,417.3,43,10.7,401358
2020-06-05,E,8416,652.3,298,23.1,1290250
2020-06-05,MLA,9296,753.4,527,42.7,1233945
2020-06-05,S,8662,844.5,224,21.8,1025664
2020-06-05,SB,4456,447.2,220,22.1,996525
2020-06-05,SFV,13782,620.6,651,29.3,2220608
2020-06-05,SGV,6108,349.9,250,14.3,1745457
2020-06-05,W,2201,300.2,128,17.5,733177
2020-06-06,AV,1692,421.6,43,10.7,401358
2020-06-06,E,8698,674.1,305,23.6,1290250
2020-06-06,MLA,9626,780.1,532,43.1,1233945
2020-06-06,S,8890,866.8,227,22.1,1025664
2020-06-06,SB,4501,451.7,221,22.2,996525
2020-06-06,SFV,14068,633.5,659,29.7,2220608
2020-06-06,SGV,6236,357.3,257,14.7,1745457
2020-06-06,W,2233,304.6,129,17.6,733177
2020-06-07,AV,1713,426.8,45,11.2,401358
2020-06-07,E,8931,692.2,308,23.9,1290250
2020-06-07,MLA,9931,804.8,540,43.8,1233945
2020-06-07,S,9133,890.4,237,23.1,1025664
2020-06-07,SB,4583,459.9,222,22.3,996525
2020-06-07,SFV,14298,643.9,678,30.5,2220608
2020-06-07,SGV,6406,367.0,265,15.2,1745457
2020-06-07,W,2245,306.2,131,17.9,733177
2020-06-08,AV,1713,426.8,45,11.2,401358
2020-06-08,E,8931,692.2,308,23.9,1290250
2020-06-08,MLA,9931,804.8,540,43.8,1233945
2020-06-08,S,9133,890.4,237,23.1,1025664
2020-06-08,SB,4583,459.9,222,22.3,996525
2020-06-08,SFV,14298,643.9,678,30.5,2220608
2020-06-08,SGV,6406,367.0,265,15.2,1745457
2020-06-08,W,2245,306.2,131,17.9,733177
2020-06-09,AV,1724,429.5,45,11.2,401358
2020-06-09,E,9129,707.5,310,24.0,1290250
2020-06-09,MLA,10242,830.0,542,43.9,1233945
2020-06-09,S,9445,920.9,240,23.4,1025664
2020-06-09,SB,4654,467.0,225,22.6,996525
2020-06-09,SFV,14611,658.0,685,30.8,2220608
2020-06-09,SGV,6602,378.2,268,15.4,1745457
2020-06-09,W,2273,310.0,131,17.9,733177
2020-06-10,AV,1830,456.0,45,11.2,401358
2020-06-10,E,9520,737.8,318,24.6,1290250
2020-06-10,MLA,10505,851.3,561,45.5,1233945
2020-06-10,S,9817,957.1,245,23.9,1025664
2020-06-10,SB,4750,476.7,231,23.2,996525
2020-06-10,SFV,15038,677.2,698,31.4,2220608
2020-06-10,SGV,6837,391.7,276,15.8,1745457
2020-06-10,W,2316,315.9,134,18.3,733177
2020-06-11,AV,1789,445.7,47,11.7,401358
2020-06-11,E,9821,761.2,325,25.2,1290250
2020-06-11,MLA,10612,860.0,569,46.1,1233945
2020-06-11,S,10061,980.9,257,25.1,1025664
2020-06-11,SB,4850,486.7,234,23.5,996525
2020-06-11,SFV,15393,693.2,714,32.2,2220608
2020-06-11,SGV,6991,400.5,288,16.5,1745457
2020-06-11,W,2341,319.3,134,18.3,733177
2020-06-12,AV,1829,455.7,47,11.7,401358
2020-06-12,E,10183,789.2,335,26.0,1290250
2020-06-12,MLA,10764,872.3,578,46.8,1233945
2020-06-12,S,10390,1013.0,260,25.3,1025664
2020-06-12,SB,4940,495.7,236,23.7,996525
2020-06-12,SFV,15864,714.4,729,32.8,2220608
2020-06-12,SGV,7223,413.8,292,16.7,1745457
2020-06-12,W,2384,325.2,137,18.7,733177
2020-06-13,AV,1860,463.4,47,11.7,401358
2020-06-13,E,10547,817.4,340,26.4,1290250
2020-06-13,MLA,10943,886.8,579,46.9,1233945
2020-06-13,S,10707,1043.9,261,25.4,1025664
2020-06-13,SB,5025,504.3,236,23.7,996525
2020-06-13,SFV,16155,727.5,736,33.1,2220608
2020-06-13,SGV,7484,428.8,293,16.8,1745457
2020-06-13,W,2417,329.7,139,19.0,733177
2020-06-14,AV,1901,473.6,48,12.0,401358
2020-06-14,E,10820,838.6,347,26.9,1290250
2020-06-14,MLA,11145,903.2,588,47.7,1233945
2020-06-14,S,11004,1072.9,272,26.5,1025664
2020-06-14,SB,5109,512.7,239,24.0,996525
2020-06-14,SFV,16368,737.1,749,33.7,2220608
2020-06-14,SGV,7743,443.6,299,17.1,1745457
2020-06-14,W,2469,336.8,141,19.2,733177
2020-06-15,AV,1931,481.1,49,12.2,401358
2020-06-15,E,10996,852.2,347,26.9,1290250
2020-06-15,MLA,11289,914.9,590,47.8,1233945
2020-06-15,S,11154,1087.5,275,26.8,1025664
2020-06-15,SB,5170,518.8,239,24.0,996525
2020-06-15,SFV,16534,744.6,753,33.9,2220608
2020-06-15,SGV,7887,451.9,302,17.3,1745457
2020-06-15,W,2492,339.9,142,19.4,733177
2020-06-16,AV,1929,480.6,49,12.2,401358
2020-06-16,E,10996,852.2,347,26.9,1290250
2020-06-16,MLA,11285,914.5,590,47.8,1233945
2020-06-16,S,11154,1087.5,275,26.8,1025664
2020-06-16,SB,5167,518.5,238,23.9,996525
2020-06-16,SFV,16534,744.6,753,33.9,2220608
2020-06-16,SGV,7886,451.8,302,17.3,1745457
2020-06-16,W,2492,339.9,142,19.4,733177
2020-06-17,AV,2001,498.6,49,12.2,401358
2020-06-17,E,11432,886.0,360,27.9,1290250
2020-06-17,MLA,11584,938.8,595,48.2,1233945
2020-06-17,S,11664,1137.2,281,27.4,1025664
2020-06-17,SB,5280,529.8,241,24.2,996525
2020-06-17,SFV,16831,757.9,771,34.7,2220608
2020-06-17,SGV,8285,474.7,307,17.6,1745457
2020-06-17,W,2549,347.7,145,19.8,733177
2020-06-18,AV,2048,510.3,49,12.2,401358
2020-06-18,E,11850,918.4,364,28.2,1290250
2020-06-18,MLA,12016,973.8,596,48.3,1233945
2020-06-18,S,12007,1170.7,284,27.7,1025664
2020-06-18,SB,5369,538.8,241,24.2,996525
2020-06-18,SFV,17155,772.5,787,35.4,2220608
2020-06-18,SGV,8521,488.2,309,17.7,1745457
2020-06-18,W,2623,357.8,149,20.3,733177
2020-06-19,AV,2091,521.0,48,12.0,401358
2020-06-19,E,12003,930.3,370,28.7,1290250
2020-06-19,MLA,12123,982.5,602,48.8,1233945
2020-06-19,S,12221,1191.5,291,28.4,1025664
2020-06-19,SB,5440,545.9,244,24.5,996525
2020-06-19,SFV,17358,781.7,796,35.8,2220608
2020-06-19,SGV,8688,497.7,311,17.8,1745457
2020-06-19,W,2660,362.8,149,20.3,733177
2020-06-20,AV,2108,525.2,48,12.0,401358
2020-06-20,E,12198,945.4,375,29.1,1290250
2020-06-20,MLA,12340,1000.0,607,49.2,1233945
2020-06-20,S,12392,1208.2,294,28.7,1025664
2020-06-20,SB,5518,553.7,245,24.6,996525
2020-06-20,SFV,17624,793.7,808,36.4,2220608
2020-06-20,SGV,8947,512.6,321,18.4,1745457
2020-06-20,W,2697,367.9,151,20.6,733177
2020-06-21,AV,2148,535.2,48,12.0,401358
2020-06-21,E,12627,978.6,384,29.8,1290250
2020-06-21,MLA,12563,1018.1,612,49.6,1233945
2020-06-21,S,12795,1247.5,299,29.2,1025664
2020-06-21,SB,5642,566.2,251,25.2,996525
2020-06-21,SFV,17920,807.0,817,36.8,2220608
2020-06-21,SGV,9225,528.5,329,18.8,1745457
2020-06-21,W,2765,377.1,152,20.7,733177
2020-06-22,AV,2175,541.9,48,12.0,401358
2020-06-22,E,12995,1007.2,387,30.0,1290250
2020-06-22,MLA,12733,1031.9,612,49.6,1233945
2020-06-22,S,13138,1280.9,302,29.4,1025664
2020-06-22,SB,5729,574.9,252,25.3,996525
2020-06-22,SFV,18131,816.5,817,36.8,2220608
2020-06-22,SGV,9526,545.8,330,18.9,1745457
2020-06-22,W,2810,383.3,152,20.7,733177
2020-06-23,AV,2175,541.9,48,12.0,401358
2020-06-23,E,12995,1007.2,387,30.0,1290250
2020-06-23,MLA,12750,1033.3,612,49.6,1233945
2020-06-23,S,13138,1280.9,302,29.4,1025664
2020-06-23,SB,5734,575.4,252,25.3,996525
2020-06-23,SFV,18131,816.5,817,36.8,2220608
2020-06-23,SGV,9544,546.8,330,18.9,1745457
2020-06-23,W,2809,383.1,152,20.7,733177
2020-06-24,AV,2368,590.0,49,12.2,401358
2020-06-24,E,13977,1083.3,394,30.5,1290250
2020-06-24,MLA,13484,1092.8,623,50.5,1233945
2020-06-24,S,13965,1361.6,308,30.0,1025664
2020-06-24,SB,5984,600.5,255,25.6,996525
2020-06-24,SFV,18794,846.3,833,37.5,2220608
2020-06-24,SGV,10466,599.6,335,19.2,1745457
2020-06-24,W,2953,402.8,153,20.9,733177
2020-06-25,AV,2368,590.0,49,12.2,401358
2020-06-25,E,13977,1083.3,394,30.5,1290250
2020-06-25,MLA,13484,1092.8,623,50.5,1233945
2020-06-25,S,13965,1361.6,308,30.0,1025664
2020-06-25,SB,5984,600.5,255,25.6,996525
2020-06-25,SFV,18794,846.3,833,37.5,2220608
2020-06-25,SGV,10475,600.1,335,19.2,1745457
2020-06-25,W,2953,402.8,153,20.9,733177
2020-06-26,AV,2440,607.9,51,12.7,401358
2020-06-26,E,14483,1122.5,408,31.6,1290250
2020-06-26,MLA,13884,1125.2,634,51.4,1233945
2020-06-26,S,14470,1410.8,318,31.0,1025664
2020-06-26,SB,6156,617.7,257,25.8,996525
2020-06-26,SFV,19303,869.3,848,38.2,2220608
2020-06-26,SGV,10996,630.0,346,19.8,1745457
2020-06-26,W,3040,414.6,159,21.7,733177
2020-06-27,AV,2511,625.6,52,13.0,401358
2020-06-27,E,14551,1127.8,408,31.6,1290250
2020-06-27,MLA,13885,1125.3,634,51.4,1233945
2020-06-27,S,14470,1410.8,318,31.0,1025664
2020-06-27,SB,6156,617.7,257,25.8,996525
2020-06-27,SFV,19307,869.4,848,38.2,2220608
2020-06-27,SGV,11000,630.2,345,19.8,1745457
2020-06-27,W,3040,414.6,159,21.7,733177
2020-06-28,AV,2638,657.3,53,13.2,401358
2020-06-28,E,15718,1218.2,416,32.2,1290250
2020-06-28,MLA,14703,1191.5,649,52.6,1233945
2020-06-28,S,15507,1511.9,322,31.4,1025664
2020-06-28,SB,6562,658.5,259,26.0,996525
2020-06-28,SFV,20274,913.0,865,39.0,2220608
2020-06-28,SGV,12122,694.5,357,20.5,1745457
2020-06-28,W,3242,442.2,159,21.7,733177
2020-06-29,AV,2698,672.2,55,13.7,401358
2020-06-29,E,16245,1259.1,418,32.4,1290250
2020-06-29,MLA,15096,1223.4,650,52.7,1233945
2020-06-29,S,16029,1562.8,324,31.6,1025664
2020-06-29,SB,6703,672.6,261,26.2,996525
2020-06-29,SFV,20809,937.1,869,39.1,2220608
2020-06-29,SGV,12557,719.4,361,20.7,1745457
2020-06-29,W,3315,452.1,162,22.1,733177
2020-06-30,AV,2771,690.4,55,13.7,401358
2020-06-30,E,16791,1301.4,428,33.2,1290250
2020-06-30,MLA,15447,1251.8,656,53.2,1233945
2020-06-30,S,16491,1607.8,329,32.1,1025664
2020-06-30,SB,6873,689.7,263,26.4,996525
2020-06-30,SFV,21149,952.4,876,39.4,2220608
2020-06-30,SGV,13053,747.8,368,21.1,1745457
2020-06-30,W,3383,461.4,162,22.1,733177
2020-07-01,AV,2822,703.1,56,14.0,401358
2020-07-01,E,17094,1324.9,432,33.5,1290250
2020-07-01,MLA,15643,1267.7,663,53.7,1233945
2020-07-01,S,16809,1638.8,333,32.5,1025664
2020-07-01,SB,6979,700.3,265,26.6,996525
2020-07-01,SFV,21372,962.4,883,39.8,2220608
2020-07-01,SGV,13368,765.9,371,21.3,1745457
2020-07-01,W,3446,470.0,163,22.2,733177
2020-07-02,AV,2880,717.6,56,14.0,401358
2020-07-02,E,17498,1356.2,441,34.2,1290250
2020-07-02,MLA,15931,1291.1,675,54.7,1233945
2020-07-02,S,17127,1669.8,335,32.7,1025664
2020-07-02,SB,7093,711.8,269,27.0,996525
2020-07-02,SFV,21721,978.2,895,40.3,2220608
2020-07-02,SGV,13765,788.6,381,21.8,1745457
2020-07-02,W,3503,477.8,164,22.4,733177
2020-07-03,AV,2880,717.6,56,14.0,401358
2020-07-03,E,17498,1356.2,441,34.2,1290250
2020-07-03,MLA,15931,1291.1,675,54.7,1233945
2020-07-03,S,17127,1669.8,335,32.7,1025664
2020-07-03,SB,7093,711.8,269,27.0,996525
2020-07-03,SFV,21721,978.2,895,40.3,2220608
2020-07-03,SGV,13765,788.6,381,21.8,1745457
2020-07-03,W,3503,477.8,164,22.4,733177
2020-07-04,AV,2880,717.6,56,14.0,401358
2020-07-04,E,17498,1356.2,441,34.2,1290250
2020-07-04,MLA,15931,1291.1,675,54.7,1233945
2020-07-04,S,17127,1669.8,335,32.7,1025664
2020-07-04,SB,7093,711.8,269,27.0,996525
2020-07-04,SFV,21721,978.2,895,40.3,2220608
2020-07-04,SGV,13765,788.6,381,21.8,1745457
2020-07-04,W,3503,477.8,164,22.4,733177
2020-07-05,AV,2880,717.6,56,14.0,401358
2020-07-05,E,17498,1356.2,441,34.2,1290250
2020-07-05,MLA,15931,1291.1,675,54.7,1233945
2020-07-05,S,17127,1669.8,335,32.7,1025664
2020-07-05,SB,7093,711.8,269,27.0,996525
2020-07-05,SFV,21721,978.2,895,40.3,2220608
2020-07-05,SGV,13765,788.6,381,21.8,1745457
2020-07-05,W,3503,477.8,164,22.4,733177
2020-07-06,AV,3195,796.0,58,14.5,401358
2020-07-06,E,19081,1478.9,448,34.7,1290250
2020-07-06,MLA,17012,1378.7,691,56.0,1233945
2020-07-06,S,18444,1798.2,345,33.6,1025664
2020-07-06,SB,7687,771.4,273,27.4,996525
2020-07-06,SFV,22876,1030.2,912,41.1,2220608
2020-07-06,SGV,15603,893.9,395,22.6,1745457
2020-07-06,W,3828,522.1,169,23.1,733177
2020-07-07,AV,3268,814.2,59,14.7,401358
2020-07-07,E,19832,1537.1,453,35.1,1290250
2020-07-07,MLA,17560,1423.1,696,56.4,1233945
2020-07-07,S,19184,1870.4,353,34.4,1025664
2020-07-07,SB,7935,796.3,276,27.7,996525
2020-07-07,SFV,23525,1059.4,917,41.3,2220608
2020-07-07,SGV,16299,933.7,408,23.4,1745672
2020-07-07,W,3941,537.5,169,23.1,733177
2020-07-08,AV,3331,829.9,60,14.9,401358
2020-07-08,E,20334,1576.0,463,35.9,1290250
2020-07-08,MLA,17758,1439.1,704,57.1,1233945
2020-07-08,S,19546,1905.7,359,35.0,1025664
2020-07-08,SB,8119,814.7,284,28.5,996525
2020-07-08,SFV,23883,1075.5,929,41.8,2220608
2020-07-08,SGV,16737,958.8,422,24.2,1745672
2020-07-08,W,4027,549.3,171,23.3,733177
2020-07-09,AV,3396,846.1,60,14.9,401358
2020-07-09,E,20608,1597.2,470,36.4,1290250
2020-07-09,MLA,17921,1452.3,714,57.9,1233945
2020-07-09,S,19790,1929.5,369,36.0,1025664
2020-07-09,SB,8244,827.3,286,28.7,996525
2020-07-09,SFV,24148,1087.4,937,42.2,2220608
2020-07-09,SGV,17030,975.6,430,24.6,1745672
2020-07-09,W,4082,556.8,172,23.5,733177
2020-07-10,AV,3453,860.3,60,14.9,401358
2020-07-10,E,21092,1634.7,478,37.0,1290250
2020-07-10,MLA,18174,1472.8,718,58.2,1233945
2020-07-10,S,20276,1976.9,383,37.3,1025664
2020-07-10,SB,8399,842.8,289,29.0,996525
2020-07-10,SFV,24452,1101.1,947,42.6,2220608
2020-07-10,SGV,17451,999.7,438,25.1,1745672
2020-07-10,W,4193,571.9,172,23.5,733177
2020-07-11,AV,3547,883.7,61,15.2,401358
2020-07-11,E,21601,1674.2,486,37.7,1290250
2020-07-11,MLA,18503,1499.5,726,58.8,1233945
2020-07-11,S,20750,2023.1,391,38.1,1025664
2020-07-11,SB,8594,862.4,289,29.0,996525
2020-07-11,SFV,24873,1120.1,955,43.0,2220608
2020-07-11,SGV,17975,1029.7,452,25.9,1745672
2020-07-11,W,4292,585.4,173,23.6,733177
2020-07-12,AV,3644,907.9,61,15.2,401358
2020-07-12,E,22197,1720.4,488,37.8,1290250
2020-07-12,MLA,18888,1530.7,729,59.1,1233945
2020-07-12,S,21279,2074.7,391,38.1,1025664
2020-07-12,SB,8808,883.9,289,29.0,996525
2020-07-12,SFV,25350,1141.6,961,43.3,2220608
2020-07-12,SGV,18638,1067.7,454,26.0,1745672
2020-07-12,W,4396,599.6,174,23.7,733177
2020-07-13,AV,3709,924.1,61,15.2,401358
2020-07-13,E,22670,1757.0,489,37.9,1290250
2020-07-13,MLA,19161,1552.8,730,59.2,1233945
2020-07-13,S,21727,2118.3,391,38.1,1025664
2020-07-13,SB,8990,902.1,289,29.0,996525
2020-07-13,SFV,25770,1160.5,966,43.5,2220608
2020-07-13,SGV,19145,1096.7,460,26.4,1745672
2020-07-13,W,4496,613.2,174,23.7,733177
2020-07-14,AV,3822,952.3,63,15.7,401358
2020-07-14,E,23441,1816.8,501,38.8,1290250
2020-07-14,MLA,19680,1594.9,734,59.5,1233945
2020-07-14,S,22401,2184.0,403,39.3,1025664
2020-07-14,SB,9252,928.4,289,29.0,996525
2020-07-14,SFV,26274,1194.4,977,44.4,2199727
2020-07-14,SGV,19932,1141.8,485,27.8,1745672
2020-07-14,W,4615,629.5,177,24.1,733177
2020-07-15,AV,3885,968.0,64,15.9,401358
2020-07-15,E,23872,1850.2,502,38.9,1290250
2020-07-15,MLA,19959,1617.5,742,60.1,1233945
2020-07-15,S,22733,2216.4,407,39.7,1025664
2020-07-15,SB,9432,946.5,290,29.1,996525
2020-07-15,SFV,26664,1212.2,984,44.7,2199727
2020-07-15,SGV,20371,1166.9,488,28.0,1745672
2020-07-15,W,4705,641.7,178,24.3,733177
2020-07-16,AV,4007,998.4,65,16.2,401358
2020-07-16,E,24693,1913.8,516,40.0,1290250
2020-07-16,MLA,20523,1663.2,749,60.7,1233945
2020-07-16,S,23596,2300.6,417,40.7,1025664
2020-07-16,SB,9734,976.8,295,29.6,996525
2020-07-16,SFV,27419,1246.5,995,45.2,2199727
2020-07-16,SGV,21124,1210.1,496,28.4,1745672
2020-07-16,W,4852,661.8,180,24.6,733177
2020-07-17,AV,4064,1012.6,67,16.7,401358
2020-07-17,E,25159,1949.9,527,40.8,1290250
2020-07-17,MLA,20822,1687.4,756,61.3,1233945
2020-07-17,S,24046,2344.4,419,40.9,1025664
2020-07-17,SB,9934,996.9,297,29.8,996525
2020-07-17,SFV,27909,1256.8,1004,45.2,2220608
2020-07-17,SGV,21629,1239.0,522,29.9,1745672
2020-07-17,W,4935,673.1,180,24.6,733177
2020-07-18,AV,4137,1030.8,67,16.7,401358
2020-07-18,E,25651,1988.1,533,41.3,1290250
2020-07-18,MLA,21080,1708.3,760,61.6,1233945
2020-07-18,S,24473,2386.1,428,41.7,1025664
2020-07-18,SB,10133,1016.8,299,30.0,996525
2020-07-18,SFV,28383,1278.2,1009,45.4,2220608
2020-07-18,SGV,22133,1267.9,532,30.5,1745672
2020-07-18,W,4997,681.6,181,24.7,733177
2020-07-19,AV,4232,1054.4,67,16.7,401358
2020-07-19,E,26116,2024.1,533,41.3,1290250
2020-07-19,MLA,21409,1735.0,761,61.7,1233945
2020-07-19,S,24946,2432.2,430,41.9,1025664
2020-07-19,SB,10302,1033.8,301,30.2,996525
2020-07-19,SFV,28847,1299.1,1011,45.5,2220608
2020-07-19,SGV,22649,1297.4,535,30.6,1745672
2020-07-19,W,5086,693.7,182,24.8,733177
2020-07-20,AV,4314,1074.9,67,16.7,401358
2020-07-20,E,26710,2070.1,535,41.5,1290250
2020-07-20,MLA,21869,1772.3,763,61.8,1233945
2020-07-20,S,25473,2483.6,431,42.0,1025664
2020-07-20,SB,10497,1053.4,301,30.2,996525
2020-07-20,SFV,29474,1327.3,1012,45.6,2220608
2020-07-20,SGV,23161,1326.8,537,30.8,1745672
2020-07-20,W,5149,702.3,182,24.8,733177
2020-07-21,AV,4398,1095.8,68,16.9,401358
2020-07-21,E,27112,2101.3,544,42.2,1290250
2020-07-21,MLA,22139,1794.2,776,62.9,1233945
2020-07-21,S,25923,2527.4,436,42.5,1025664
2020-07-21,SB,10698,1073.5,303,30.4,996525
2020-07-21,SFV,29873,1345.3,1021,46.0,2220608
2020-07-21,SGV,23642,1354.3,545,31.2,1745672
2020-07-21,W,5236,714.2,182,24.8,733177
2020-07-22,AV,4496,1120.2,68,16.9,401358
2020-07-22,E,27665,2144.2,545,42.2,1290250
2020-07-22,MLA,22512,1824.4,779,63.1,1233945
2020-07-22,S,26428,2576.7,450,43.9,1025664
2020-07-22,SB,10935,1097.3,306,30.7,996525
2020-07-22,SFV,30375,1367.9,1031,46.4,2220608
2020-07-22,SGV,24197,1386.1,569,32.6,1745672
2020-07-22,W,5360,731.1,186,25.4,733177
2020-07-23,AV,4568,1138.1,69,17.2,401358
2020-07-23,E,27943,2165.7,549,42.5,1290250
2020-07-23,MLA,22661,1836.5,787,63.8,1233945
2020-07-23,S,26698,2603.0,459,44.8,1025664
2020-07-23,SB,11048,1108.7,311,31.2,996525
2020-07-23,SFV,30759,1385.2,1041,46.9,2220608
2020-07-23,SGV,24411,1398.4,577,33.1,1745672
2020-07-23,W,5403,736.9,188,25.6,733177
2020-07-24,AV,4631,1153.8,71,17.7,401358
2020-07-24,E,28236,2188.4,555,43.0,1290250
2020-07-24,MLA,22933,1858.5,792,64.2,1233945
2020-07-24,S,26993,2631.8,468,45.6,1025664
2020-07-24,SB,11159,1119.8,312,31.3,996525
2020-07-24,SFV,31061,1398.8,1046,47.1,2220608
2020-07-24,SGV,24721,1416.1,584,33.5,1745672
2020-07-24,W,5449,743.2,190,25.9,733177
2020-07-25,AV,4700,1171.0,73,18.2,401358
2020-07-25,E,28789,2231.3,559,43.3,1290250
2020-07-25,MLA,23381,1894.8,802,65.0,1233945
2020-07-25,S,27634,2694.3,479,46.7,1025664
2020-07-25,SB,11382,1142.2,315,31.6,996525
2020-07-25,SFV,31847,1434.2,1058,47.6,2220608
2020-07-25,SGV,25314,1450.1,593,34.0,1745672
2020-07-25,W,5533,754.7,190,25.9,733177
2020-07-26,AV,4776,1190.0,73,18.2,401358
2020-07-26,E,29061,2252.4,560,43.4,1290250
2020-07-26,MLA,23534,1907.2,803,65.1,1233945
2020-07-26,S,27870,2717.3,483,47.1,1025664
2020-07-26,SB,11459,1149.9,316,31.7,996525
2020-07-26,SFV,32112,1446.1,1057,47.6,2220608
2020-07-26,SGV,25687,1471.5,594,34.0,1745672
2020-07-26,W,5564,758.9,190,25.9,733177
2020-07-27,AV,4818,1200.4,73,18.2,401358
2020-07-27,E,29352,2274.9,561,43.5,1290250
2020-07-27,MLA,23850,1932.8,803,65.1,1233945
2020-07-27,S,28204,2749.8,484,47.2,1025664
2020-07-27,SB,11608,1164.8,317,31.8,996525
2020-07-27,SFV,32531,1465.0,1063,47.9,2220608
2020-07-27,SGV,26044,1491.9,600,34.4,1745672
2020-07-27,W,5605,764.5,190,25.9,733177
2020-07-28,AV,4975,1239.5,76,18.9,401358
2020-07-28,E,29820,2311.2,567,43.9,1290250
2020-07-28,MLA,24066,1950.3,813,65.9,1233945
2020-07-28,S,28682,2796.4,489,47.7,1025664
2020-07-28,SB,11771,1181.2,320,32.1,996525
2020-07-28,SFV,32849,1479.3,1071,48.2,2220608
2020-07-28,SGV,26635,1525.8,610,34.9,1745672
2020-07-28,W,5661,772.1,193,26.3,733177
2020-07-29,AV,5097,1269.9,77,19.2,401358
2020-07-29,E,30412,2357.1,575,44.6,1290250
2020-07-29,MLA,24697,2001.5,824,66.8,1233945
2020-07-29,S,29488,2875.0,504,49.1,1025664
2020-07-29,SB,12004,1204.6,324,32.5,996525
2020-07-29,SFV,34063,1533.9,1084,48.8,2220608
2020-07-29,SGV,27289,1563.2,640,36.7,1745672
2020-07-29,W,5750,784.3,194,26.5,733177
2020-07-30,AV,5200,1295.6,77,19.2,401358
2020-07-30,E,30818,2388.5,581,45.0,1290250
2020-07-30,MLA,25028,2028.3,828,67.1,1233945
2020-07-30,S,29870,2912.3,503,49.0,1025664
2020-07-30,SB,12220,1226.3,326,32.7,996525
2020-07-30,SFV,34491,1553.2,1093,49.2,2220608
2020-07-30,SGV,27729,1588.4,651,37.3,1745672
2020-07-30,W,5824,794.4,197,26.9,733177
2020-07-31,AV,5308,1322.5,77,19.2,401358
2020-07-31,E,31245,2421.6,591,45.8,1290250
2020-07-31,MLA,25322,2052.1,846,68.6,1233945
2020-07-31,S,30350,2959.1,509,49.6,1025664
2020-07-31,SB,12405,1244.8,328,32.9,996525
2020-07-31,SFV,34943,1573.6,1109,49.9,2220608
2020-07-31,SGV,28186,1614.6,660,37.8,1745672
2020-07-31,W,5880,802.0,198,27.0,733177
2020-08-01,AV,5430,1352.9,79,19.7,401358
2020-08-01,E,31713,2457.9,596,46.2,1290250
2020-08-01,MLA,25693,2082.2,851,69.0,1233945
2020-08-01,S,30844,3007.2,522,50.9,1025664
2020-08-01,SB,12613,1265.7,329,33.0,996525
2020-08-01,SFV,35499,1598.6,1115,50.2,2220608
2020-08-01,SGV,28608,1638.8,672,38.5,1745672
2020-08-01,W,5957,812.5,200,27.3,733177
2020-08-02,AV,5531,1378.1,79,19.7,401358
2020-08-02,E,31894,2471.9,601,46.6,1290250
2020-08-02,MLA,25847,2094.7,858,69.5,1233945
2020-08-02,S,31062,3028.5,523,51.0,1025664
2020-08-02,SB,12677,1272.1,330,33.1,996525
2020-08-02,SFV,35739,1609.4,1117,50.3,2220608
2020-08-02,SGV,28873,1654.0,678,38.8,1745672
2020-08-02,W,6002,818.6,200,27.3,733177
2020-08-03,AV,5554,1383.8,79,19.7,401358
2020-08-03,E,32169,2493.2,602,46.7,1290250
2020-08-03,MLA,26072,2112.9,858,69.5,1233945
2020-08-03,S,31355,3057.0,523,51.0,1025664
2020-08-03,SB,12787,1283.2,331,33.2,996525
2020-08-03,SFV,36147,1627.8,1120,50.4,2220608
2020-08-03,SGV,29084,1666.1,681,39.0,1745672
2020-08-03,W,6031,822.6,200,27.3,733177
2020-08-04,AV,5656,1409.2,81,20.2,401358
2020-08-04,E,32411,2512.0,611,47.4,1290250
2020-08-04,MLA,26279,2129.7,865,70.1,1233945
2020-08-04,S,31669,3087.7,529,51.6,1025664
2020-08-04,SB,12935,1298.0,337,33.8,996525
2020-08-04,SFV,36531,1645.1,1132,51.0,2220608
2020-08-04,SGV,29397,1684.0,692,39.6,1745672
2020-08-04,W,6073,828.3,201,27.4,733177
2020-08-05,AV,5762,1435.6,83,20.7,401358
2020-08-05,E,32816,2543.4,622,48.2,1290250
2020-08-05,MLA,26554,2152.0,872,70.7,1233945
2020-08-05,S,32063,3126.1,539,52.6,1025664
2020-08-05,SB,13080,1312.6,338,33.9,996525
2020-08-05,SFV,36990,1665.8,1142,51.4,2220608
2020-08-05,SGV,29865,1710.8,715,41.0,1745672
2020-08-05,W,6123,835.1,202,27.6,733177
2020-08-06,AV,5908,1472.0,83,20.7,401358
2020-08-06,E,33355,2585.2,629,48.8,1290250
2020-08-06,MLA,26935,2182.8,876,71.0,1233945
2020-08-06,S,32570,3175.5,547,53.3,1025664
2020-08-06,SB,13371,1341.8,341,34.2,996525
2020-08-06,SFV,37732,1699.2,1148,51.7,2220608
2020-08-06,SGV,30339,1738.0,730,41.8,1745672
2020-08-06,W,6193,844.7,202,27.6,733177
2020-08-07,AV,6056,1508.9,84,20.9,401358
2020-08-07,E,33902,2627.6,636,49.3,1290250
2020-08-07,MLA,27282,2211.0,880,71.3,1233945
2020-08-07,S,33031,3220.5,552,53.8,1025664
2020-08-07,SB,13614,1366.1,343,34.4,996525
2020-08-07,SFV,38328,1726.0,1158,52.1,2220608
2020-08-07,SGV,30804,1764.6,748,42.8,1745672
2020-08-07,W,6259,853.7,203,27.7,733177
2020-08-08,AV,6142,1530.3,84,20.9,401358
2020-08-08,E,34342,2661.7,643,49.8,1290250
2020-08-08,MLA,27552,2232.8,884,71.6,1233945
2020-08-08,S,33483,3264.5,556,54.2,1025664
2020-08-08,SB,13834,1388.2,344,34.5,996525
2020-08-08,SFV,38783,1746.5,1166,52.5,2220608
2020-08-08,SGV,31282,1792.0,770,44.1,1745672
2020-08-08,W,6320,862.0,205,28.0,733177
2020-08-09,AV,6249,1557.0,85,21.2,401358
2020-08-09,E,34632,2684.1,644,49.9,1290250
2020-08-09,MLA,27760,2249.7,884,71.6,1233945
2020-08-09,S,33736,3289.2,559,54.5,1025664
2020-08-09,SB,13943,1399.2,344,34.5,996525
2020-08-09,SFV,39150,1763.0,1169,52.6,2220608
2020-08-09,SGV,31608,1810.6,772,44.2,1745672
2020-08-09,W,6360,867.5,205,28.0,733177
2020-08-10,AV,6317,1573.9,85,21.2,401358
2020-08-10,E,34988,2711.7,647,50.1,1290250
2020-08-10,MLA,27925,2263.1,885,71.7,1233945
2020-08-10,S,34014,3316.3,561,54.7,1025664
2020-08-10,SB,14097,1414.6,347,34.8,996525
2020-08-10,SFV,39561,1781.5,1173,52.8,2220608
2020-08-10,SGV,31917,1828.4,776,44.5,1745672
2020-08-10,W,6403,873.3,207,28.2,733177
2020-08-11,AV,6387,1591.3,86,21.4,401358
2020-08-11,E,35239,2731.2,655,50.8,1290250
2020-08-11,MLA,28041,2272.5,892,72.3,1233945
2020-08-11,S,34252,3339.5,569,55.5,1025664
2020-08-11,SB,14190,1423.9,351,35.2,996525
2020-08-11,SFV,39774,1791.1,1178,53.0,2220608
2020-08-11,SGV,32179,1843.4,798,45.7,1745672
2020-08-11,W,6441,878.5,208,28.4,733177
2020-08-12,AV,6491,1617.3,90,22.4,401358
2020-08-12,E,35597,2758.9,663,51.4,1290250
2020-08-12,MLA,28237,2288.4,897,72.7,1233945
2020-08-12,S,34608,3374.2,573,55.9,1025664
2020-08-12,SB,14326,1437.6,353,35.4,996525
2020-08-12,SFV,40257,1812.9,1188,53.5,2220608
2020-08-12,SGV,32533,1863.6,816,46.7,1745672
2020-08-12,W,6482,884.1,209,28.5,733177
2020-08-13,AV,6566,1635.9,91,22.7,401358
2020-08-13,E,36015,2791.3,672,52.1,1290250
2020-08-13,MLA,28434,2304.3,903,73.2,1233945
2020-08-13,S,34931,3405.7,579,56.5,1025664
2020-08-13,SB,14444,1449.4,357,35.8,996525
2020-08-13,SFV,40585,1827.7,1196,53.9,2220608
2020-08-13,SGV,32885,1883.8,839,48.1,1745672
2020-08-13,W,6524,889.8,209,28.5,733177
2020-08-14,AV,6645,1655.6,91,22.7,401358
2020-08-14,E,36441,2824.3,681,52.8,1290250
2020-08-14,MLA,28701,2326.0,911,73.8,1233945
2020-08-14,S,35323,3443.9,582,56.7,1025664
2020-08-14,SB,14618,1466.9,359,36.0,996525
2020-08-14,SFV,41083,1850.1,1204,54.2,2220608
2020-08-14,SGV,33313,1908.3,852,48.8,1745672
2020-08-14,W,6601,900.3,208,28.4,733177
2020-08-15,AV,6738,1678.8,94,23.4,401358
2020-08-15,E,36795,2851.8,687,53.2,1290250
2020-08-15,MLA,28888,2341.1,914,74.1,1233945
2020-08-15,S,35671,3477.8,585,57.0,1025664
2020-08-15,SB,14749,1480.0,359,36.0,996525
2020-08-15,SFV,41432,1865.8,1210,54.5,2220608
2020-08-15,SGV,33677,1929.2,858,49.2,1745672
2020-08-15,W,6655,907.7,209,28.5,733177
2020-08-16,AV,6774,1687.8,95,23.7,401358
2020-08-16,E,36964,2864.9,689,53.4,1290250
2020-08-16,MLA,29058,2354.9,915,74.2,1233945
2020-08-16,S,35830,3493.3,585,57.0,1025664
2020-08-16,SB,14827,1487.9,362,36.3,996525
2020-08-16,SFV,41643,1875.3,1212,54.6,2220608
2020-08-16,SGV,33893,1941.5,859,49.2,1745672
2020-08-16,W,6670,909.7,209,28.5,733177